<annotation>
	<folder>images</folder>
	<filename>videoplayback1637.jpg</filename>
	<path>C:\Users\Rainbow PC\Documents\UCB\W251\hw08\MIDS_HW8\images\videoplayback1637.jpg</path>
	<source>
		<database>Unknown</database>
	</source>
	<size>
		<width>1000</width>
		<height>563</height>
		<depth>3</depth>
	</size>
	<segmented>0</segmented>
	<object>
		<name>Tie Fighter</name>
		<pose>Unspecified</pose>
		<truncated>0</truncated>
		<difficult>0</difficult>
		<bndbox>
			<xmin>656</xmin>
			<ymin>247</ymin>
			<xmax>674</xmax>
			<ymax>263</ymax>
		</bndbox>
	</object>
	<object>
		<name>Tie Fighter</name>
		<pose>Unspecified</pose>
		<truncated>0</truncated>
		<difficult>0</difficult>
		<bndbox>
			<xmin>775</xmin>
			<ymin>248</ymin>
			<xmax>809</xmax>
			<ymax>277</ymax>
		</bndbox>
	</object>
	<object>
		<name>Millennium Falcoln</name>
		<pose>Unspecified</pose>
		<truncated>0</truncated>
		<difficult>0</difficult>
		<bndbox>
			<xmin>254</xmin>
			<ymin>258</ymin>
			<xmax>902</xmax>
			<ymax>450</ymax>
		</bndbox>
	</object>
</annotation>
