<annotation>
	<folder>images</folder>
	<filename>videoplayback2831.jpg</filename>
	<path>C:\Users\Rainbow PC\Documents\UCB\W251\hw08\MIDS_HW8\images\videoplayback2831.jpg</path>
	<source>
		<database>Unknown</database>
	</source>
	<size>
		<width>1000</width>
		<height>563</height>
		<depth>3</depth>
	</size>
	<segmented>0</segmented>
	<object>
		<name>Tie Fighter</name>
		<pose>Unspecified</pose>
		<truncated>0</truncated>
		<difficult>0</difficult>
		<bndbox>
			<xmin>459</xmin>
			<ymin>184</ymin>
			<xmax>571</xmax>
			<ymax>297</ymax>
		</bndbox>
	</object>
	<object>
		<name>Tie Fighter</name>
		<pose>Unspecified</pose>
		<truncated>0</truncated>
		<difficult>0</difficult>
		<bndbox>
			<xmin>705</xmin>
			<ymin>256</ymin>
			<xmax>826</xmax>
			<ymax>367</ymax>
		</bndbox>
	</object>
</annotation>
