<annotation>
	<folder>images</folder>
	<filename>videoplayback1796.jpg</filename>
	<path>C:\Users\Rainbow PC\Documents\UCB\W251\hw08\MIDS_HW8\images\videoplayback1796.jpg</path>
	<source>
		<database>Unknown</database>
	</source>
	<size>
		<width>1000</width>
		<height>563</height>
		<depth>3</depth>
	</size>
	<segmented>0</segmented>
	<object>
		<name>Millennium Falcoln</name>
		<pose>Unspecified</pose>
		<truncated>0</truncated>
		<difficult>0</difficult>
		<bndbox>
			<xmin>85</xmin>
			<ymin>218</ymin>
			<xmax>943</xmax>
			<ymax>466</ymax>
		</bndbox>
	</object>
	<object>
		<name>Tie Fighter</name>
		<pose>Unspecified</pose>
		<truncated>0</truncated>
		<difficult>0</difficult>
		<bndbox>
			<xmin>350</xmin>
			<ymin>227</ymin>
			<xmax>372</xmax>
			<ymax>248</ymax>
		</bndbox>
	</object>
</annotation>
