<annotation>
	<folder>images</folder>
	<filename>videoplayback0523.jpg</filename>
	<path>C:\Users\Rainbow PC\Documents\UCB\W251\hw08\MIDS_HW8\images\videoplayback0523.jpg</path>
	<source>
		<database>Unknown</database>
	</source>
	<size>
		<width>1000</width>
		<height>563</height>
		<depth>3</depth>
	</size>
	<segmented>0</segmented>
	<object>
		<name>Tie Fighter</name>
		<pose>Unspecified</pose>
		<truncated>0</truncated>
		<difficult>0</difficult>
		<bndbox>
			<xmin>63</xmin>
			<ymin>162</ymin>
			<xmax>118</xmax>
			<ymax>221</ymax>
		</bndbox>
	</object>
	<object>
		<name>Tie Fighter</name>
		<pose>Unspecified</pose>
		<truncated>0</truncated>
		<difficult>0</difficult>
		<bndbox>
			<xmin>226</xmin>
			<ymin>266</ymin>
			<xmax>244</xmax>
			<ymax>284</ymax>
		</bndbox>
	</object>
</annotation>
