<annotation>
	<folder>images</folder>
	<filename>videoplayback0529.jpg</filename>
	<path>C:\Users\Rainbow PC\Documents\UCB\W251\hw08\MIDS_HW8\images\videoplayback0529.jpg</path>
	<source>
		<database>Unknown</database>
	</source>
	<size>
		<width>1000</width>
		<height>563</height>
		<depth>3</depth>
	</size>
	<segmented>0</segmented>
	<object>
		<name>Tie Fighter</name>
		<pose>Unspecified</pose>
		<truncated>0</truncated>
		<difficult>0</difficult>
		<bndbox>
			<xmin>96</xmin>
			<ymin>145</ymin>
			<xmax>166</xmax>
			<ymax>227</ymax>
		</bndbox>
	</object>
	<object>
		<name>Tie Fighter</name>
		<pose>Unspecified</pose>
		<truncated>0</truncated>
		<difficult>0</difficult>
		<bndbox>
			<xmin>227</xmin>
			<ymin>257</ymin>
			<xmax>245</xmax>
			<ymax>277</ymax>
		</bndbox>
	</object>
</annotation>
